[
	
	{
		"SummaryForIssue" : "Task100",
		"projectID":"10000",
		"Address":{
					"phone" :"7878789",
					"pincode": "560078"
				  }
	},

	{
		"SummaryForIssue" : "Task200",
		"projectID":"10000",
		"Address":{
					"phone" :"7878789",
					"pincode": "560078"
				  }
	},
	
	{
		"SummaryForIssue" : "Task300",
		"projectID":"10000",
		"Address":{
					"phone" :"7878789",
					"pincode": "560078"
				  }
	},
	
	{
		"SummaryForIssue" : "Task400",
		"projectID":"10000",
		"Address":{
					"phone" :"7878789",
					"pincode": "560078"
				  }
	},
	
	{
		"SummaryForIssue" : "Task500",
		"projectID":"10000",
		"Address":{
					"phone" :"7878789",
					"pincode": "560078"
				  }
	}

]