{
	"id": "8bb28278-0c74-4249-9430-bd857891e67c",
	"name": "JIRAPIs",
	"values": [
		{
			"key": "username",
			"value": "selenium3bymukesh@gmail.com",
			"type": "default",
			"enabled": true
		},
		{
			"key": "token",
			"value": "ATATT3xFfGF0rZV6Nh2MCbEiBkpjwZ-2aUjxtj5D8YeTUphPJbODf3XVTUtS5oIZLRzVDV9Wv1PO75MB6Klk4KZAhya_jZuvtaidVw2UmuG9KVVyYCv9UEEV7qxS0hyFIW22w3BXnVGdn5us_rBoNGvhk8tWWt-rT9kacs49cdrdkCAw408Hz9w=6D0928E6",
			"type": "secret",
			"enabled": true
		},
		{
			"key": "baseurl",
			"value": "https://restapibymukesh.atlassian.net",
			"type": "default",
			"enabled": true
		},
		{
			"key": "IssueID",
			"value": "",
			"type": "any",
			"enabled": true
		}
	],
	"_postman_variable_scope": "environment",
	"_postman_exported_at": "2024-06-23T03:59:27.205Z",
	"_postman_exported_using": "Postman/11.2.13"
}