{
	"info": {
		"_postman_id": "82be899e-6ee0-4df3-8a5c-90470408c127",
		"name": "JIRAPIs",
		"schema": "https://schema.getpostman.com/json/collection/v2.0.0/collection.json",
		"_exporter_id": "1654925"
	},
	"item": [
		{
			"name": "GetProjectID",
			"event": [
				{
					"listen": "test",
					"script": {
						"exec": [
							"pm.test(\"Status code is 200\", function () {",
							"    pm.response.to.have.status(200);",
							"});"
						],
						"type": "text/javascript",
						"packages": {}
					}
				}
			],
			"request": {
				"method": "GET",
				"header": [],
				"url": "{{baseurl}}/rest/api/latest/project/KAN"
			},
			"response": []
		},
		{
			"name": "GetIssue",
			"event": [
				{
					"listen": "test",
					"script": {
						"exec": [
							"pm.test(\"Status code is 200\", function () {",
							"    pm.response.to.have.status(200);",
							"});"
						],
						"type": "text/javascript",
						"packages": {}
					}
				}
			],
			"request": {
				"method": "GET",
				"header": [
					{
						"key": "Authorization",
						"value": "Bearer"
					},
					{
						"key": "Accept",
						"value": "application/json"
					}
				],
				"url": "{{baseurl}}/rest/api/3/search"
			},
			"response": []
		},
		{
			"name": "CreateJiraIssue",
			"event": [
				{
					"listen": "test",
					"script": {
						"exec": [
							"pm.test(\"Status code is 201\", function () {",
							"    pm.response.to.have.status(201);",
							"});",
							"",
							"pm.environment.set(\"IssueID\",pm.response.json().id);"
						],
						"type": "text/javascript",
						"packages": {}
					}
				}
			],
			"request": {
				"method": "POST",
				"header": [
					{
						"key": "Accept",
						"value": "application/json"
					},
					{
						"key": "Content-Type",
						"value": "application/json"
					}
				],
				"body": {
					"mode": "raw",
					"raw": "{\n  \"fields\": {\n    \"project\": {\n      \"id\": \"{{ProjectID}}\"\n    },\n    \"summary\": \"{{SummaryForIssue}}\",\n    \"issuetype\": {\n      \"id\": \"10001\"\n    }\n}\n}",
					"options": {
						"raw": {
							"language": "json"
						}
					}
				},
				"url": "{{baseurl}}/rest/api/3/issue"
			},
			"response": []
		},
		{
			"name": "DeleteIssue",
			"event": [
				{
					"listen": "test",
					"script": {
						"exec": [
							"pm.test(\"Status code is 204\", function () {",
							"    pm.response.to.have.status(204);",
							"});"
						],
						"type": "text/javascript",
						"packages": {}
					}
				}
			],
			"request": {
				"method": "DELETE",
				"header": [],
				"url": "{{baseurl}}/rest/api/3/issue/{{IssueID}}"
			},
			"response": []
		}
	],
	"auth": {
		"type": "basic",
		"basic": {
			"password": "{{token}}",
			"username": "{{username}}"
		}
	},
	"event": [
		{
			"listen": "prerequest",
			"script": {
				"type": "text/javascript",
				"packages": {},
				"exec": [
					""
				]
			}
		},
		{
			"listen": "test",
			"script": {
				"type": "text/javascript",
				"packages": {},
				"exec": [
					""
				]
			}
		}
	]
}